seg_id,rate,year,year_std,path_name,path_supplement,notes
1,GT1,1888,1985,津山铁路,原唐津铁路，京哈旧线,天津到大沽
2,GT1,1888,1985,津山铁路,原唐津铁路，京哈旧线,天津港
3,GT1,1888,1985,津山铁路,原唐津铁路，京哈旧线,天津到秦皇岛
4,GT1,1888,1985,津山铁路,原唐津铁路，丰南连接线,宁河到黒沿子
5,GT1,1888,1985,津山铁路,原唐津铁路，京哈旧线,滦县
6,IT,1894,1987,黄石东线,武九铁路支线,铁山到黄石
7,GT1,1895,1985,京沪铁路,原京山线北京至天津段，前身为京奉铁路,北京到天津
8,GT1,1895,1985,京沪铁路,原京山线北京至天津段，前身为京奉铁路,北京西南
9,GT1,1901,1985,滨绥铁路,原东清铁路东线,海林到哈尔滨
10,GT1,1901,1985,滨绥铁路,原东清铁路东线,海林到牡丹江
11,GT1,1901,1985,滨绥铁路,原东清铁路东线,牡丹江到穆棱
12,GT1,1901,1985,滨绥铁路,原东清铁路东线,穆棱到绥芬河
13,GT1,1903,1985,哈大铁路,又称沈大铁路,大连到旅顺
14,GT1,1903,1985,哈大铁路,又称沈大铁路,海城到瓦房店
15,GT1,1903,1985,哈大铁路,又称沈大铁路,瓦房店到大连
16,GT1,1903,1985,哈大铁路,又称沈大铁路,辽阳到海城
17,GT1,1903,1985,哈大铁路北段,京哈铁路新旧共线,长春到四平
18,GT1,1903,1985,哈大铁路,又称沈大铁路,沈阳南
19,GT1,1903,1985,哈大铁路,又称沈大铁路,沈阳
20,GT1,1903,1985,哈大铁路,又称沈大铁路,沈阳到辽阳
21,GT1,1903,1985,哈大铁路北段,京哈铁路新旧共线,开原到四平
22,GT1,1903,1985,哈大铁路北段,京哈铁路新旧共线,长春到扶余南
23,GT1,1903,1985,哈大铁路北段,京哈铁路新旧共线,扶余到哈尔滨
24,GT1,1903,1985,哈大铁路北段,京哈铁路新旧共线,沈阳到开原
25,GT1,1903,1985,滨洲铁路,原东清铁路,满洲里到呼伦贝尔
26,GT1,1903,1985,滨洲铁路,原东清铁路,呼伦贝尔到牙克石
27,GT1,1903,1985,滨洲铁路,原东清铁路,牙克石到博克图
28,GT1,1903,1985,滨洲铁路,原东清铁路,博克图到齐齐哈尔西
29,GT1,1903,1985,滨洲铁路,原东清铁路,齐齐哈尔西南
30,GT1,1903,1985,滨洲铁路,原东清铁路,齐齐哈尔南
31,GT1,1903,1985,滨洲铁路,原东清铁路,齐齐哈尔南到大庆
32,GT1,1903,1985,滨洲铁路,原东清铁路,哈尔滨到大庆
33,DT,1903,2017,营口铁路,,哈大线到营口
34,IT,1903,1987,高易铁路,2013年后停运,高碑店到易县
35,GT1,1904,1985,张博铁路,,淄博到博山
36,GT1,1904,1985,胶济铁路,,青州附近
37,GT1,1904,1985,胶济铁路,,青州到胶州
38,GT1,1904,1985,胶济铁路,,淄博到济南
39,GT1,1905,1985,新月铁路,,焦作到新乡
40,GT1,1905,1985,浙赣铁路,沪昆铁路部分，又称株萍铁路,株洲到醴陵
41,GT1,1905,1985,浙赣铁路,沪昆铁路部分,新余到醴陵
42,GT1,1905,1985,浙赣铁路,沪昆铁路部分,樟树到新余
43,GT1,1905,1985,浙赣铁路,沪昆铁路部分,樟树南
44,GT1,1905,1985,浙赣铁路,沪昆铁路部分,南昌南
45,GT1,1905,1985,浙赣铁路,沪昆铁路部分,鹰潭到南昌
46,GT1,1905,1985,浙赣铁路,沪昆铁路部分,杭州到鹰潭
47,GT1,1905,1985,浙赣铁路,沪昆铁路部分,杭州到萧山
48,GT1,1905,1985,浙赣铁路,沪昆铁路部分,南昌到丰城
49,GT3,1905,1985,醴茶铁路,2015年之后停运，2020年6月30日恢复运营,醴陵到茶陵
50,NA,1987,2017,窄轨铁路商芒线,已废弃,夏邑到濉溪
51,GT1,1905,1985,陇海铁路,不确定,濉溪
52,GT1,1905,1985,陇海铁路,不确定,濉溪
53,GT1,1905,1985,沈丹铁路,,沈阳到本溪
54,GT1,1905,1985,沈丹铁路,,本溪到凤城
55,GT1,1905,1985,沈丹铁路,,凤城到丹东
56,GT1,1905,1985,沈丹铁路,,丹东到东港
57,GT1,1906,1985,沪杭铁路,沪昆铁路部分,上海到杭州
58,GT1,1907,1985,沈山铁路,原京哈铁路旧线,葫芦岛到秦皇岛
59,GT1,1907,1985,沈山铁路,原京哈铁路旧线,葫芦岛到凌海
60,GT1,1907,1985,沈山铁路,原京哈铁路旧线,凌海东
61,GT1,1907,1985,沈山铁路,原京哈铁路旧线,凌海东到黑山
62,GT1,1907,1985,沈山铁路,原京哈铁路旧线,大虎山到沈阳北
63,GT1,1907,1985,沈山铁路,原京哈铁路旧线,高台山到沈阳
64,GT3,1910,1985,昆河铁路,"原滇越铁路北段, 2003后停止客运",昆明到蒙自
65,GT3,1910,1985,昆河铁路,"原滇越铁路北段, 2003后停止客运",蒙自到河口
66,GT3,1910,1985,昆河铁路,"原滇越铁路北段, 2003后停止客运",蒙自
67,GT2,1912,1985,长图铁路,原吉长铁路,长春到吉林
68,GT2,1912,1985,长图铁路,原吉长铁路,吉林到蛟河北拉法站
69,GT2,1912,1985,长图铁路,原吉长铁路,图门到延吉
70,GT1,1911,1985,广九铁路,,广州到香港
71,GT1,1912,1985,津浦铁路,京沪铁路部分,沧州到德州
72,GT1,1912,1985,津浦铁路,京沪铁路部分,德州到济南
73,GT1,1912,1985,津浦铁路,京沪铁路部分,宿州到蚌埠
74,GT1,1912,1985,津浦铁路,京沪铁路部分,徐州到宿州
75,GT1,1912,1985,津浦铁路,京沪铁路部分,邹城到徐州
76,GT1,1912,1985,津浦铁路,京沪铁路部分,磁窑到邹城
77,GT1,1912,1985,津浦铁路,京沪铁路部分,泰安到磁窑
78,GT1,1912,1985,津浦铁路,京沪铁路部分,济南到泰安
79,GT1,1912,1985,津浦铁路,京沪铁路部分,天津到沧州
80,GT1,1912,1985,津浦铁路,京沪铁路部分,蚌埠到南京
81,GT2,1912,1985,薛枣支线,,薛城到枣庄
82,GT1,1914,1985,萧甬铁路,,萧山到宁波
83,GT1,1916,1985,向九铁路,又称南浔铁路，现为京九铁路部分,南昌到九江
84,GT3,1917,1985,前贾铁路,GT3,徐州前亭到贾汪
85,GT3,1910,1985,昆河铁路,滇越铁路支线,官家山
86,NA,1921,2017,鸡个铁路,1991年停运,个旧
87,GT1,1923,1985,京包铁路,,包头东
88,GT1,1923,1985,京包铁路,,乌兰察布到包头
89,GT1,1923,1985,京包铁路,,怀来-张家口-大同
90,GT1,1923,1985,京包铁路,,怀来南
91,GT1,1923,1985,京包铁路,,怀来南
92,GT1,1923,1985,京包铁路,,怀来到昌平
93,GT1,1923,1985,京包铁路,,昌平南
94,GT1,1923,1985,京包铁路,,昌平南到北京站
95,GT1,1923,1985,京包铁路,,大同到乌兰察布
96,GT1,1923,1985,沈抚城际铁路,抚顺南线，苏抚铁路,苏家屯到抚顺
97,IT,1925,1987,城鸡铁路,,鸡西到穆棱
98,GT1,1927,1985,大郑铁路,,大虎山到新立屯
99,GT1,1927,1985,大郑铁路,,通辽到双辽
100,GT1,1927,1985,大郑铁路,,新立屯到通辽
101,GT1,1927,1985,大郑铁路,,大庆到大安
102,GT1,1927,1985,沈吉铁路,抚顺北线,沈阳到抚顺
103,GT1,1927,1985,沈吉铁路,,抚顺到梅河口
104,GT1,1927,1985,沈吉铁路,,梅河口
105,GT1,1927,1985,沈吉铁路,,梅河口到磐石北
106,GT1,1927,1985,沈吉铁路,,磐石北到吉林
107,DT,1927,2017,金庄铁路,,金州到庄河
108,DT1,1927,2017,鹤岗铁路,,佳木斯北到鹤北
109,GT1,1928,1985,平齐铁路,,白城到太平川
110,GT1,1928,1985,平齐铁路,,太平川南
111,GT1,1928,1985,平齐铁路,,双辽到太平川
112,GT1,1928,1985,平齐铁路,,白城到齐齐哈尔
113,GT1,1928,1985,平齐铁路,,四平到双辽
114,GT1,1928,1985,沪宁铁路,京沪铁路部分,南京到上海
115,IT,1929,1987,坪乐旧线,2006年后废弃,乐昌环线
116,GT2,1929,1985,滨北铁路,,绥化到北安
117,GT2,1929,1985,滨北铁路,,哈尔滨到绥化
118,DT1,1986,2017,北黑铁路,,北安到黑河
119,IT,1933,1987,朝开铁路,,龙井到开山屯
120,DT,1933,2017,齐北铁路,,富拉尔基到齐齐哈尔
121,DT,1933,2017,齐北铁路,,齐齐哈尔东
122,DT,1933,2017,齐北铁路,,齐齐哈尔到富裕
123,DT,1933,2017,齐北铁路,,富裕到北安
124,GT2,1934,1985,拉滨铁路,,蛟河到舒兰
125,GT2,1934,1985,拉滨铁路,,哈尔滨到舒兰
126,GT2,1934,1985,长图铁路,,蛟河到延吉
127,GT1,1935,1985,叶赤铁路,,赤峰到建平
128,GT1,1935,1985,四梅铁路,,四平到梅河口
129,IT,1935,1987,忻河铁路,,忻州到河边
130,GT1,1935,1985,淮南铁路,,淮南到芜湖
131,GT1,1935,1985,长白铁路,,白城到大安
132,GT1,1935,1985,长白铁路,,大安到长春
133,DT2,1936,2017,林东铁路,,林口到鸡西
134,DT2,1936,2017,林东铁路,,鸡西到东方红
135,GT1,1936,1985,锦承铁路,,北票
136,GT1,1936,1985,锦承铁路,,北票南到建平
137,GT1,1936,1985,锦承铁路,,承德到三十家
138,GT1,1936,1985,锦承铁路,,三十家到建平
139,GT1,1936,1985,锦承铁路,,义县到北票南
140,GT1,1936,1985,锦承铁路,,义县到凌海
141,GT,1937,1985,图佳铁路,,牡丹江到图们
142,GT,1937,1985,图佳铁路,,勃利到佳木斯
143,GT,1937,1985,图佳铁路,,勃利到林口
144,GT,1937,1985,图佳铁路,,林口到牡丹江
145,GT1,1937,1985,新义铁路,,阜新到义县
146,GT1,1938,1985,石太铁路,,晋中到阳泉
147,GT1,1938,1985,石太铁路,,石家庄到阳泉
148,DT,1938,2017,龙丰铁路,,吉林到丰满
149,GT,1939,1985,梅集铁路,,梅河口到通化
150,GT,1939,1985,梅集铁路,,通化到集安
151,GT2,1940,1985,和龙铁路,,龙井到和龙
152,GT3,1940,1985,溪田铁路,,本溪到田师府
153,GT2,1940,1985,高新铁路,,高台山到新立屯
154,IT,1940,1987,鸭大铁路,,通化到白山
155,IT,1940,1987,鸭大铁路,,白山到大栗子
156,GT2,1941,1985,吉舒铁路,,舒兰到吉林
157,GT2,1941,1985,水蚌铁路,淮南铁路和津浦铁路连接线,淮南到蚌埠
158,GT2,1941,1985,白阿铁路,,阿尔山到白城
159,GT1,1941,1985,石德铁路,,石家庄到德州
160,GT1,1941,1985,石德铁路,,衡水东
161,DT1,1941,2017,绥佳铁路,,绥化到南岔
162,DT1,1941,2017,绥佳铁路,,南岔到佳木斯北
163,DT1,1941,2017,绥佳铁路,,佳木斯北到鹤北
164,DT,1942,2017,博林铁路,,博克图到塔尔气
165,GT3,1942,1985,咸铜铁路,,咸阳东北
166,GT3,1942,1985,咸铜铁路,,铜川到王益
167,GT3,1942,1985,咸铜铁路,,富平附近
168,DT3,1942,2017,火龙沟铁路,,海林到长汀
169,DT,1942,2017,辽溪铁路,,本溪南
170,DT,1942,2017,辽溪铁路,,辽阳到本溪
171,DT,1943,2017,陶榆铁路,,扶余南到榆树
172,IT,1945,1987,团杉铁路,,辉南到杉松冈
173,IT,1944,1987,宣庞铁路,,宣化到庞家堡
174,DT1,1945,2017,南乌铁路,,南岔到乌伊岭
175,IT,1947,1987,佳富铁路,,双鸭山附近
176,IT,1947,1987,佳富铁路,,双鸭山附近
177,IT,1947,1987,佳富铁路,,佳木斯到双鸭山
178,DT,1950,2017,凤上铁路,,凤城到长甸河口
179,GT1,1951,1985,同蒲铁路,,侯马到华阴
180,GT1,1951,1985,同蒲铁路,,曲沃到侯马
181,GT1,1951,1985,同蒲铁路,,曲沃到侯马
182,GT1,1951,1985,同蒲铁路,,晋中到曲沃
183,GT1,1951,1985,同蒲铁路,,怀仁到宁武
184,GT1,1951,1985,同蒲铁路,,宁武到原平
185,GT1,1951,1985,同蒲铁路,,原平到太原
186,GT1,1951,1985,同蒲铁路,,太原到晋中
187,GT1,1951,1985,同蒲铁路,,晋中向南
188,GT1,1951,1985,同蒲铁路,,大同向南
189,IT,1952,1987,资许铁路,,郴州到资兴
190,GT1,1952,1985,成渝铁路,,成都到内江
191,GT1,1952,1985,成渝铁路,,内江到重庆
192,GT1,1952,1985,成渝铁路,,重庆附近
193,GT1,1952,1985,成渝铁路,,重庆附近
194,GT1,1952,1985,陇海铁路,,兰州到宝鸡
195,GT1,1952,1985,陇海铁路,,西安到宝鸡
196,GT1,1952,1985,陇海铁路,,咸阳到西安
197,GT1,1952,1985,陇海铁路,,华阴到洛阳
198,GT1,1952,1985,陇海铁路,,洛阳到郑州
199,GT1,1952,1985,陇海铁路,,郑州到商丘
200,GT1,1952,1985,陇海铁路,,商丘东
201,GT1,1952,1985,陇海铁路,,商丘到徐州
202,GT1,1952,1985,陇海铁路,,徐州到连云港
203,GT1,1952,1985,陇海铁路,支线,商丘到夏邑
204,GT1,1952,1985,陇海铁路,,临潼到华阴
205,GT1,1955,1985,丰沙铁路,,北京站到丰台站
206,GT1,1955,1985,丰沙铁路,,丰台到怀来南
207,GT1,1955,1985,湘桂铁路,,南宁到友谊关
208,GT1,1955,1985,湘桂铁路,,衡阳到柳州
209,GT1,1955,1985,湘桂铁路,,南宁到黎塘
210,GT1,1955,1985,湘桂铁路,,柳州到黎塘
211,GT,1955,1985,集二铁路,,二连浩特到郭尔本敖包
212,GT,1955,1985,集二铁路,,乌兰察布到郭尔本敖包
213,GT1,1956,1985,孟宝铁路,,平顶山到漯河
214,GT1,1956,1985,蓝烟铁路,,崂山-青岛-烟台
215,IT,1956,1987,西余铁路,,西安到户县
216,GT1,1955,1985,黎湛铁路,,廉江到湛江
217,GT1,1955,1985,黎湛铁路,,黎塘到廉江
218,GT1,1957,1985,京广铁路,,株洲到衡阳
219,GT1,1957,1985,京广铁路,,衡阳到郴州
220,GT1,1957,1985,京广铁路,,郴州到广州
221,GT1,1957,1985,京广铁路,,武汉到株洲
222,GT1,1957,1985,京广铁路,,郑州到新郑
223,GT1,1957,1985,京广铁路,,新乡到郑州
224,GT1,1957,1985,京广铁路,,漯河南
225,GT1,1957,1985,京广铁路,,新郑到漯河
226,GT1,1957,1985,京广铁路,,漯河到武汉
227,GT1,1957,1985,京广铁路,,邯郸到磁县
228,GT1,1957,1985,京广铁路,,磁县到安阳
229,GT1,1957,1985,京广铁路,,鹤壁到新乡
230,GT1,1957,1985,京广铁路,,北京到石家庄
231,GT1,1957,1985,京广铁路,,石家庄到沙河
232,GT1,1957,1985,京广铁路,,沙河到邯郸
233,GT1,1957,1985,京广铁路,,武汉南
234,GT1,1957,1985,京广铁路,,北京南
235,GT1,1957,1985,京广铁路,,北京站到京沪线
236,GT1,1957,1985,京广铁路,,郴州南
237,IT,1957,1987,汤鹤铁路,,汤阴到鹤壁
238,DT,1957,2017,金千铁路,,金华到千岛湖
239,GT3,1957,1985,鹰厦铁路,,南平到厦门
240,GT3,1957,1985,鹰厦铁路,,鹰潭到南平
241,IT,1958,1987,保满铁路,,保定到满城区
242,IT,1958,1987,勃七铁路,,勃利到七台河
243,GT1,1958,1985,包兰铁路,,白银到营盘水
244,GT1,1958,1985,包兰铁路,,白银到兰州
245,GT1,1958,1985,包兰铁路,,石嘴山到营盘水
246,GT1,1958,1985,包兰铁路,,乌海到石嘴山
247,GT1,1958,1985,包兰铁路,,包头到乌海
248,IT,1958,1987,包白铁路,,包头到白云鄂博
249,IT1,1956,1987,包石铁路,,包头到石拐
250,IT1,1956,1987,包石铁路,,包头到石拐
251,GT1,1958,1985,宝成铁路,,成都到广汉
252,GT1,1958,1985,宝成铁路,,成都到阳坝
253,GT1,1958,1985,宝成铁路,,宝鸡到阳坝
254,GT1,1958,1985,广达铁路,原广旺铁路,广元到普济
255,IT,1958,1987,沙午铁路,,沙河到武安
256,GT2,1958,1985,河茂铁路,,廉江到茂名
257,GT3,1958,1985,洛宜铁路,,洛阳到宜阳
258,GT2,1958,1985,漳龙铁路,原漳龙铁路，现漳龙铁路的一部分,漳平到龙岩
259,IT,1958,1987,铁灵铁路,,铁山到灵乡
260,IT,1959,1987,八建铁路,,建山
261,GT1,1959,1985,兰青铁路,,西宁到兰州
262,GT1,1959,1985,内昆铁路,,内江到宜宾
263,IT,1959,1987,南票铁路,,锦州到南票
264,IT,1959,1987,安李铁路,,河顺
265,IT,1959,1987,安李铁路,,安阳到岗子窑
266,IT,1959,1987,张塘铁路,,上塘
267,IT,1959,1987,新密铁路,,新密到新郑
268,IT,1959,1987,铁法铁路,,铁岭到调兵山
269,IT,1959,1987,铁法铁路,康平延长线,铁法到康平
270,GT1,1959,1985,黔桂铁路,,贵定到河池
271,GT1,1959,1985,黔桂铁路,,河池到柳州
272,GT1,1960,1985,京承铁路,,怀柔东
273,GT1,1960,1985,京承铁路,,怀柔到承德
274,GT1,1960,1985,京承铁路,,通州到怀柔
275,DT2,1960,2017,大宋铁路,停运时间未知,石家庄到西柏坡
276,GT1,1960,1985,娄邵铁路,,娄底到邵阳
277,IT,1960,1987,屯秋铁路,,柳州到拉洞
278,GT2G,1960,2017,开源铁路,原开丰铁路,开原到富源
279,IT,1960,1987,德天铁路,,德阳到汉旺
280,DT2,1960,2017,成汶铁路,"宝成铁路支线, 又称清灌铁路",成都到都江堰
281,IT,1968,1987,泰肥铁路,年份存疑,泰安到湖屯
282,NA,1960,2017,清绿铁路,军用铁路,清水到绿园
283,NA,1960,2017,清绿铁路,军用铁路,绿园到赛罕陶来
284,DT1,1960,2017,磁莱铁路,,磁窑到莱芜
285,IT,1961,1987,灌赛铁路,2002年拆除,灌水到赛马
286,GT1,1962,1985,兰新铁路,,嘉峪关到吐鲁番
287,GT1,1962,1985,兰新铁路,,嘉峪关
288,GT1,1962,1985,兰新铁路,,嘉峪关
289,GT1,1962,1985,兰新铁路,,嘉峪关
290,GT1,1962,1985,兰新铁路,,嘉峪关
291,GT1,1962,1985,兰新铁路,,武威到清水
292,GT1,1962,1985,兰新铁路,,兰州到武威
293,GT1,1962,1985,兰新铁路,,吐鲁番到乌鲁木齐
294,DT,1963,2017,牙林铁路,,满归到伊图里河
295,DT,1963,2017,牙林铁路,,伊图里河到牙克石
296,IT,1964,1987,定灵铁路,1989年后废弃,定州到灵山
297,IT,1964,1987,礼垣铁路,同蒲线支线,侯马到垣曲
298,IT,1965,1987,乌吉铁路,包兰铁路支线,乌海到吉兰泰
299,GT4,1965,2017,伊加铁路,又称牙林铁路东线,伊图里河到加格达奇
300,DT,1965,2017,兴隆林业局森林铁路,"DT, 旅游铁路",哈尔滨市通河县乌鸦泡镇到巴彦县兴隆镇
301,IT,1965,1987,嘉镜铁路,,镜铁山到嘉峪关
302,GT3,1965,1985,川黔铁路,,重庆到贵阳
303,GT3,1965,1985,川黔铁路,,贵阳附近
304,GT3,1965,1985,川黔铁路,,贵阳附近
305,DT,1965,2017,津蓟铁路,,蓟县到天津
306,IT,1965,1987,蒙宝铁路,,宝秀到蒙自
307,IT,1966,1987,东川铁路,,东川到寻甸
308,IT,1966,1987,向乐铁路,浙赣铁路支线，南昌到丰城为浙赣铁路,丰城到江边村
309,GT1,1966,1985,干武铁路,,武威到营盘水
310,DT,1966,2017,朝乌铁路,"又称朝莫铁路,牙林西线",莫尔道嘎到朝中
311,GT1,1966,1985,汉丹铁路货运段,2001年后停止客运,丹江口
312,GT1,1966,1985,汉丹铁路混运段,客货混运段,襄阳到武汉
313,GT1,1966,1985,符夹铁路,京沪和陇海的连接线,徐州到淮北
314,GT1,1966,1985,符夹铁路,京沪和陇海的连接线,淮北南
315,GT1,1966,1985,贵昆铁路,沪昆铁路部分,昆明到曲靖
316,GT1,1966,1985,贵昆铁路,沪昆铁路部分,曲靖向北
317,GT1,1966,1985,贵昆铁路,沪昆铁路部分,贵阳到宣威
318,GT1,1966,1985,通让铁路,,太平川到大安
319,GT1,1966,1985,通让铁路,,通辽到太平川
320,DT1,1966,2017,醴浏铁路,2004年拆除,浏阳到醴陵
321,DT1,1966,2017,醴浏铁路,2004年拆除,浏阳到永和
322,IT,1968,1987,兴宁铁路,2007年拆除,汪清到春化
323,IT,1968,1987,宁大铁路,20008之后停止客运,西宁到大通
324,IT,1968,1987,宜珙铁路,,宜宾到珙县
325,IT,1970,1987,三罗铁路,,罗城
326,DT,1970,2017,南保铁路,又称南独铁路,南阳到独树
327,GT2,1970,1985,朝马铁路,GT2,朝阳到马山
328,GT3,1970,1985,林碧铁路,2016年停运,碧水到林海
329,IT,1970,1987,济沁铁路,,济源到温县
330,IT,1970,1987,渡口铁路,,攀枝花到格里平
331,GT1,1970,1985,青阜铁路,,淮北到阜阳
332,IT,1971,1987,上新铁路,,上高到新余
333,IT,1971,1987,上新铁路,,上高
334,IT,1971,1987,宁岢铁路,同蒲线支线,宁武到岢岚
335,GT1,1971,1985,宁铜铁路,,芜湖到铜陵
336,GT1,1971,1985,宁铜铁路,,南京到芜湖
337,IT,1971,1987,平汝铁路,,平罗到汝箕沟
338,IT,1971,1987,平汝铁路,支线,石嘴山到石炭井
339,IT,1971,1987,平舞铁路,,舞钢到平顶山
340,GT1,1971,1985,成昆铁路,,成都到昆明
341,GT1,1971,1985,成昆铁路,支线,禄丰到仁兴
342,IT,1971,1987,来合铁路,,来宾到合山
343,GT1,1971,1985,沟海铁路,沈山，沈大联络线；2004之前速度80，之后160,凌海东到海城
344,DT3,1971,2017,辉吴铁路,铁路名称存疑,修武到辉县
345,IT3,1971,1987,郭查铁路,,郭尔本敖包到查干诺尔
346,DT,1971,2017,郴嘉铁路,2004年停止运行,郴州到嘉禾
347,GT3,1972,1985,富西铁路,原嫩林铁路,漠河到塔河
348,GT3,1972,1985,富西铁路,,塔河到林海
349,GT3,1972,1985,富西铁路,,林海到加格达奇
350,GT3,1972,1985,富西铁路,,加格达奇到嫩江
351,GT3,1972,1985,富西铁路,,富裕到嫩江
352,GT3,1972,1985,富西铁路,原嫩林铁路,漠河到富克山
353,GT2,1972,1985,徐沛铁路,2012年后停止客运,沛县到徐州
354,GT1,1972,1985,湘黔铁路,沪昆铁路部分,贵阳到贵定
355,GT1,1972,1985,湘黔铁路,沪昆铁路部分,贵定到怀化
356,GT1,1972,1985,湘黔铁路,沪昆铁路部分,湘潭到娄底
357,GT1,1972,1985,湘黔铁路,沪昆铁路部分,湘潭到株洲
358,GT1,1972,1985,湘黔铁路,沪昆铁路部分,娄底到怀化
359,IT1,1972,1987,红会铁路,,白银到共和
360,IT,1972,1987,长牛铁路,原杭牛铁路,长兴到牛头山
361,GT1,1973,1985,京原铁路,,北京到原平
362,GT1,1973,1985,京原铁路,,北京
363,DT1G,1973,1987,博小铁路,,博兴到小营
364,DT,1973,2017,鸦宜铁路,,宜昌到当阳
365,GT3,1974,1985,汤台铁路,原汤濮铁路,汤阴到濮阳
366,DT,1974,2017,魏塔铁路,,三十家到葫芦岛
367,GT1,1975,1985,京秦铁路,京哈铁路新线部分,蓟县南
368,GT1,1975,1985,京秦铁路,京哈铁路新线部分,丰润到蓟县
369,GT1,1975,1985,京秦铁路,京哈铁路新线部分,丰润到北戴河
370,GT1,1975,1985,京秦铁路,京哈铁路新线部分,北戴河到秦皇岛
371,GT1,1975,1985,京秦铁路,京哈铁路新线部分,北京站到通州
372,GT1,1975,1985,京秦铁路,京哈铁路新线部分,通州到蓟县
373,IT,1975,1987,唐遵铁路,,遵化到丰润
374,GT1G,1975,2017,大秦铁路,,怀柔到蓟县
375,GT1,1975,1985,水红铁路,原盘西铁路，贵昆铁路支线,曲靖到柏果
376,IT,1975,1987,永加铁路,,永安到加福
377,DT1,1975,2017,浑白铁路,,白山到二道白河
378,IT,1975,1987,湖林铁路,,林歹
379,DT3,1975,2017,禹郸铁路,,许昌到禹州
380,DT3,1975,2017,禹郸铁路,,许昌到郸城
381,GT1,1975,1985,金山铁路,,闵行到金山
382,GT1,1975,1985,金山铁路,,闵行到嘉定
383,GT1,1976,1985,洛茂铁路,,河池到立化
384,GT1,1976,1985,洛茂铁路,,上朝
385,GT2,1976,1985,淄东铁路,又称张东铁路,淄博到东营
386,GT1,1976,1985,阳安铁路,,阳坝到安康
387,IT,1976,1987,驻汝铁路,,驻马店到新蔡
388,GT2,1977,1985,侯西铁路,,侯马到富平
389,GT3,1977,1985,分文铁路,2007年之后停止客运,分宜到文竹
390,DT,1977,2017,广岳铁路,宝成铁路支线,广汉到木瓜坪
391,IT,1976,1987,烟白铁路,,磐石北到白山
392,GT1,1978,1985,焦柳铁路,,襄阳到怀化
393,GT1,1978,1985,焦柳铁路,,怀化附近
394,GT1,1978,1985,焦柳铁路,,怀化到柳州
395,GT1,1978,1985,焦柳铁路,,平顶山到襄阳
396,GT1,1978,1985,焦柳铁路,,洛阳东
397,GT1,1978,1985,焦柳铁路,,洛阳到平顶山
398,GT1,1978,1985,焦柳铁路,,焦作到洛阳
399,IT,1979,1987,伊敏铁路,又称海伊铁路，滨州铁路伊敏支线,呼伦贝尔到伊敏河
400,GT1,1979,1985,太焦铁路,,晋中到长治
401,GT1,1979,1985,太焦铁路,,晋城到焦作
402,GT1,1979,1985,太焦铁路,,长治到晋城
403,GT1,1979,1985,襄渝铁路,,重庆到安康，襄阳
404,GT1,1977,1985,京通铁路,,隆化到赤峰
405,GT1,1977,1985,京通铁路,,怀柔到隆化
406,GT1,1977,1985,京通铁路,,怀柔西南
407,GT1,1977,1985,京通铁路,,赤峰到通辽
408,GT1,1977,1985,京通铁路,,通辽南
409,GT1,1977,1985,京通铁路,,昌平到怀柔
410,DT,1980,2017,承隆铁路,,隆化到承德
411,GT3,1980,1985,梅七铁路,"咸铜铁路支线, 铜川到玉华",铜川到前河
412,GT3,1980,1985,梅七铁路,矿区专用线,玉华到店头
413,GT1,1980,1985,辛泰铁路,,泰安到莱芜
414,GT1,1980,1985,辛泰铁路,,莱芜到淄博
415,GT1,1980,1985,辛泰铁路,支线,莱芜北环
416,DT2,1982,2017,福前铁路,在同江处分开，不同的路线,富锦到同江
417,DT2,1982,2017,福前铁路,,双鸭山到前进
418,GT1,1982,1985,阜淮铁路,,阜阳到淮南
419,IT,1983,1987,太岚铁路,,太原到古交
420,IT,1983,1987,太岚铁路,,古交到岚县
421,GT1,1984,1985,南疆铁路,一期,吐鲁番到库尔勒
422,GT1,1984,1985,柴达尔铁路,青藏铁路支线,柴达尔到哈尔盖
423,GT1,1982,1985,皖赣铁路,,芜湖到宣城
424,GT1,1982,1985,皖赣铁路,,宣城到鹰潭
425,GT1G,1984,2017,通霍铁路,,霍林郭勒到通辽
426,GT1,1984,1985,邯长铁路,,长治到武安
427,GT1,1984,1985,邯长铁路,,邯郸南
428,GT1,1984,1985,邯长铁路,,邯郸到武安
429,GT1,1984,1985,青藏铁路一期,一期,察罕诺到南山口
430,GT1,1984,1985,青藏铁路一期,一期,哈尔盖到察罕诺
431,GT1,1984,1985,青藏铁路一期,支线,察罕诺到茶卡
432,GT1,1984,1985,青藏铁路一期,一期,哈尔盖到西宁
433,GT1,1985,1985,新兖铁路,,菏泽到兖州
434,GT1,1985,1985,新兖铁路,,延津到封丘
435,GT1,1985,1985,新兖铁路,,封丘到长垣
436,GT1,1985,1985,新兖铁路,,封丘附近
437,GT1,1985,1985,新兖铁路,,新乡到菏泽
438,DT3,1985,2017,朝杞铁路,,新郑到杞县
439,GT1,1985,1985,海南西环线,三八线和八石线,昌江到三亚
440,IT,1986,1987,乐德铁路,,乐平到泗州
441,GT1,1986,1985,兖石铁路,,邹城到日照
442,IT,1986,1987,塔韩铁路黑龙江,,塔河到韩家园
443,IT,1986,1987,明泌铁路,,泌阳到京广铁路
444,GT1,1987,1985,武九铁路,,武汉到九江
445,GT3,1988,1985,嫩黑铁路,,嫩江到多宝山
446,GT3,1988,1985,益羊铁路,,大家洼到青州
447,IT1,1989,1987,包神铁路,,包头到大柳塔
448,GT1,1989,1985,商阜铁路,京九铁路部分,商丘到阜阳
449,GT1,1989,1985,商阜铁路,京九铁路部分,阜阳北
450,GT2,1989,1985,外福铁路,,南平到福州
451,GT1,1989,1985,漯阜铁路,,漯河到阜阳
452,GT3,1989,1985,荆沙铁路,,荆门到荆州
453,GT3,1989,1985,荆沙铁路,,荆门到荆州
454,GT1,1990,1985,北疆铁路,,乌鲁木齐到阿拉山口
455,GT3,1990,1985,坪岚铁路,,莒南到岚山
456,DT3,1990,2017,竖开铁路,,开封到通许
457,GT2,1991,1985,三万南铁路,,綦江到南川
458,DT2,1991,2017,云浮支线,,肇庆到云浮
459,GT1,1991,1985,广茂铁路,,广州到茂名
460,DT,1991,2017,沁沁铁路,,沁县到沁源
461,DT2,1991,2017,海岫铁路,,海城到岫岩
462,DT1,1991,2017,南防铁路,,防城到南宁
463,GT1G,1992,2017,大秦铁路,,怀仁到怀来
464,GT1G,1992,2017,大秦铁路,,怀柔南
465,GT1G,1992,2017,大秦铁路,,秦皇岛到遵化
466,GT1G,1992,2017,大秦铁路,,遵化到蓟县
467,GT1G,1992,2017,大秦铁路,,蓟县南
468,GT1G,1992,2017,大秦铁路,,怀柔到怀来
469,IT,1992,1987,滦港铁路,,卢龙到京唐港
470,IT,1992,1987,铜蒲铁路,,富平南
471,GT1,1993,1985,京九铁路,早期工程,菏泽到商丘
472,IT,1993,1987,介西铁路,时间未知,孝义到介休
473,IT,1993,1987,周良联络线,,周口店到良乡
474,GT1G,1993,2017,孝柳铁路,,吕梁到孝义
475,GT1,1993,1985,昆玉河铁路,,昆明到玉溪
476,GT1G,1994,2017,云岗铁路,年份存疑，大秦铁路支线,大同到云岗
477,GT1,1994,1985,京九铁路,早期工程,丰城到吉水
478,GT1,1994,1985,侯月铁路,,侯马到晋城
479,GT1,1994,1985,包西铁路,原西延铁路,富平到延安
480,GT1,1994,1985,包西铁路,原西延铁路,富平到临潼
481,IT,1994,1987,唐遵铁路,,丰润到唐山
482,GT1,1994,1985,宝中铁路,,中卫到宝鸡
483,GT1,1994,1985,宣杭铁路,,杭州到宣城
484,GT2,1995,1985,广梅汕铁路,,东莞到龙川
485,UN,1994,2017,未知,,房山
486,UN,1994,2017,未知,,瓦房店到五岛
487,UN,1994,2017,未知,,上海到宝山
488,UN,1994,2017,未知,时间未知,川黔线到开阳
489,UN,1994,2017,未知,,大同到乔村
490,UN,1994,2017,未知,,安陆到孝昌
491,UN,1994,2017,未知,,瓦房店到五岛
492,UN,1994,2017,未知,邯济铁路和邯黄铁路连接线？,肥乡到曲周
493,UN,1994,2017,未知,现在是否停运？,广平到魏县
494,UN,1994,2017,未知,现在是否停运？,衡水到深泽
495,UN,1994,2017,未知,现在是否停运？,东方红到石场
496,UN,1994,2017,未知,,金昌到周家井
497,DT1,1994,2017,桃威铁路,,栖霞到威海
498,GT1,1994,1985,武麻铁路,京九铁路武汉联络线,武汉到麻城
499,NA,1994,2017,淮周铁路,已废弃,商水到淮阳
500,GT1,1994,1985,阳涉铁路,一期,阳泉到左权
501,GT1,1995,1985,京九铁路,阜阳到九江段,阜阳南
502,GT1,1995,1985,京九铁路,阜阳到九江段,麻城到阜阳
503,GT1,1995,1985,京九铁路,北京到阜阳段,霸州到衡水
504,GT1,1995,1985,京九铁路,北京到阜阳段,聊城到菏泽
505,GT1,1995,1985,京九铁路,北京到阜阳段,衡水到聊城
506,GT1,1995,1985,京九铁路,北京到阜阳段,大兴到霸州
507,GT1,1995,1985,京九铁路,阜阳到九江段,麻城到九江
508,GT1,1995,1985,京九铁路,,吉安到龙川
509,GT1,1995,1985,侯月铁路,,济源到阳城
510,GT1,1995,1985,侯月铁路,支线,沁水
511,GT1,1995,1985,合九铁路,,安庆到九江
512,GT1,1995,1985,合九铁路,,合肥到安庆
513,GT1G,1995,2017,大准铁路,,丰镇到沙讫堵
514,GT1G,1993,2017,孝柳铁路,,吕梁到柳林
515,GT2,1995,1985,广梅汕铁路,,龙川到梅州
516,GT2,1995,1985,广梅汕铁路,,龙川到兴宁
517,GT2,1995,1985,广梅汕铁路,,兴宁到丰顺
518,GT2,1995,1985,广梅汕铁路,,丰顺到汕头
519,GT2,1995,1985,广梅汕铁路,,梅州
520,GT1,1995,1985,津霸铁路,京九铁路天津连接线,霸州到天津
521,DT1,1995,2017,钦北铁路,,钦州到北海
522,DT,1995,2017,集通铁路,,集宁到通辽
523,DT1,1996,2017,图珲铁路,,图门到珲春
524,IT,1996,1987,平禹铁路,,平顶山到禹州
525,UN,1996,2017,未知,,翼城到绛县
526,DT1,1996,2017,漯舞铁路,,漯河到舞阳
527,GT1G,1996,2017,神朔铁路,,大柳塔到五寨
528,GT1G,1996,2017,神朔铁路,,河曲到五寨
529,GT1,1997,1985,南昆铁路,,百色到南宁
530,GT1,1997,1985,南昆铁路,,宜良到兴义
531,GT1,1997,1985,南昆铁路,,百色到兴义威舍
532,IT,1997,1987,威红铁路,南昆与沪昆连接线，与南昆铁路同时修建,富源到南昆铁路
533,GT2,1997,1985,横南铁路,,横峰-铅山-武夷山
534,GT2,1997,1985,横南铁路,,武夷山到延平
535,DT2,1997,2017,漳泉肖线,,漳平向东
536,DT2,1997,2017,漳泉肖线,,漳平东到莆田
537,DT2,1997,2017,漳泉肖线,,漳平向东
538,GT3,1997,1985,濮台铁路,,濮阳到台前
539,GT1,1997,1985,达成铁路,,成都到达州南
540,GT1,1997,1985,达成铁路,,成都到金堂
541,GT1,1997,1985,达成铁路,,广汉到金堂
542,GT1,1997,1985,达成铁路,,金堂向东
543,DT1,1997,2017,金温铁路,金温货线,金华到温州
544,GT2,1998,1985,广大铁路,,楚雄到大理
545,GT1,1998,1985,石长铁路,,石门到长沙
546,GT1,1998,1985,黎钦铁路,,钦州向北
547,GT1,1999,1999,南疆铁路,,喀什到库尔勒
548,GT2,1999,1999,峰福铁路,上铅线,上铅到上饶
549,GT1,1999,1999,邯济铁路,2015年之后客运,聊城到齐河
550,GT1,1999,1999,邯济铁路,2015年之后客运,邯郸到聊城
551,GT3,1998,1985,友宝铁路,,友谊到宝清
552,GT2,2000,1999,宁静铁路,,宁武到静乐
553,DT1,2000,2017,春罗铁路,,广茂铁路到罗定
554,GT2,2000,1999,梅坎铁路,,龙岩到梅州
555,GT1,2000,1999,益湛铁路,原称洛湛铁路,益阳到益阳南
556,GT1,2000,1999,芜湖长江大桥,,芜湖长江大桥
557,GT1,2000,1999,西康铁路,,西安到安康
558,GT1,2001,1999,内昆铁路,,宜宾到六盘水
559,GT1,2001,1999,宁东联络线,太中银铁路连接线,青铜峡到古窑子
560,GT2,2001,1999,阳阳铁路,广茂铁路支线,阳春到阳江
561,GT1,2001,1999,新长铁路,,新沂到淮安
562,GT1,2001,1999,新长铁路,,淮安到如皋
563,GT1,2001,1999,新长铁路,,无锡到长兴
564,GT1,2001,1999,新长铁路,,如皋到无锡
565,GT1G,2001,2017,朔黄铁路,,朔州到神池
566,GT1G,2001,2017,朔黄铁路,,原平到定州
567,GT1G,2001,2017,朔黄铁路,,定州到肃宁
568,GT1G,2001,2017,朔黄铁路,,肃宁到沧州
569,GT1G,2001,2017,朔黄铁路,,沧州到黄骅港
570,DT,2001,2017,水柏铁路,,六盘水到盘县
571,IT,2001,1987,青芦铁路,青阜铁路和京沪铁路的连接线,宿州南
572,GT1,2002,1999,包西铁路,,延安到店塔
573,GT3G,2002,2017,沙蔚铁路,,蔚县到怀来
574,GT1,2002,1999,达万铁路,,达州到万州
575,DT,2002,2017,锡桑铁路,,正蓝旗到锡林浩特
576,GT2,2002,1999,长荆铁路,,荆门到孝感
577,GT1,2002,1999,阳涉铁路,二期,左权到涉县
578,HSR,2003,,京沈客运专线,早期工程,北票向北
579,GT1,2003,1999,宁西铁路,合西段,渭南到南阳
580,GT1,2003,1999,宁西铁路,合西段,南阳到信阳西
581,GT1,2003,1999,宁西铁路,合西段,信阳到合肥
582,DT,2003,2017,登封铁路,一期,新郑附近
583,HSR,2003,,秦沈客运专线,,秦皇岛-葫芦岛北线
584,HSR,2003,,秦沈客运专线,,葫芦岛到锦州北线
585,HSR,2003,,秦沈客运专线,,锦州到凌海北线
586,HSR,2003,,秦沈客运专线,,凌海向东
587,HSR,2003,,秦沈客运专线,,凌海东到沈阳
588,GT1,2003,1999,粤海铁路,,昌江到海口
589,GT1,2003,1999,粤海铁路,,湛江到徐闻
590,GT3,2003,1999,绥东铁路,,绥阳镇河西到东宁
591,GT1,2003,1999,胶新铁路,,河东到新沂
592,GT1,2003,1999,胶新铁路,,胶州到河东
593,GT1,2003,1999,胶新铁路,,薛家岛到胶州
594,GT1,2004,1999,新长铁路,支线,南通到如皋
595,GT1,2005,1999,大莱龙铁路,,潍坊到蓬莱
596,GT1,2005,1999,宁启铁路,一期,南京到海安
597,GT1,2005,1999,敦煌铁路,,安北到敦煌
598,IT,2005,1987,武左铁路,,武乡到左权
599,GT1,2005,1999,赣龙铁路,2015年之后停止客运,赣州到龙岩
600,GT1,2005,1999,青藏铁路二期,,格尔木到拉萨
601,GT1,2006,2006,呼准鄂铁路,,东胜-准格尔旗
602,DT1,2006,2017,呼准铁路,,准格尔旗
603,DT1,2006,2017,呼准铁路,,准格尔旗到呼和浩特
604,IT1,2006,1987,嘉策铁路,,赛汉陶来到嘉峪关
605,IT1,2006,1987,嘉策铁路,,赛汉陶来
606,GT,2006,2006,小厉铁路,,随州到信阳
607,GT1,2006,2006,渝怀铁路,,重庆到怀化
608,GT1,2006,2006,益永铁路,益湛，洛湛铁路部分,邵阳到永州
609,GT1,2006,2006,益永铁路,益湛，洛湛铁路部分,益阳南到娄底
610,GT1,2006,2006,迁曹铁路,,滦南到曹妃甸
611,NA,2006,2017,遂渝铁路重复,,遂宁到重庆
612,GT1,2006,2006,黄万铁路,GT1,黄骅到天津市滨海新区万家码头
613,DT1,2007,2017,东乌铁路,,拉僧庙东
614,DT1,2007,2017,东乌铁路,,拉僧庙到鄂尔多斯
615,HSR,2008,,京津城际铁路,,北京
616,HSR,2008,,京津城际铁路,,北京到天津
617,HSR,2008,,京津城际铁路,,天津
618,HSR,2008,,合宁铁路,宁西铁路部分,合肥到南京
619,HSR,2008,,沪汉蓉快速客运通道,合武铁路,合肥到武汉
620,HSR,2008,,石太客运专线,,石家庄到太原
621,HSR,2008,,胶济客运专线,,济南到青岛
622,GT1,2008,2006,铜九铁路,,铜陵到九江
623,GT2,2008,2006,长双烟铁路,,长春到烟筒山
624,GT1,2009,2006,乌将铁路,2019开始客运,乌鲁木齐到准东
625,GT1,2009,2006,乌将铁路,2019开始客运,准东
626,GT1,2009,2006,乌将铁路,2019开始客运,将军庙
627,GT1,2009,2006,伊阿铁路,又称两伊铁路,伊敏河到阿尔山
628,GT1,2009,2006,大丽铁路,,大理到丽江
629,GT2,2009,2006,奎北铁路,,奎屯到北屯
630,GT2,2009,2006,岢瓦铁路,,岢岚到瓦塘
631,HSR,2009,,武广客运专线,,武汉到广州
632,DT1,2009,2017,滨港铁路,,利津到沾化
633,DT1,2009,2017,滨港铁路,,小营到利津
634,HSR,2009,,甬台温铁路,,宁波到温州
635,GT1,2009,2006,益湛铁路,原称洛湛铁路,玉林到岑溪
636,GT1,2009,2006,益湛铁路,原称洛湛铁路,岑溪到茂名
637,GT1,2009,2006,益湛铁路,原称洛湛铁路,永州到岑溪
638,GT1,2009,2006,福厦铁路,,泉州到厦门
639,GT1,2009,2006,福厦铁路,,福州到泉州
640,GT1,2009,2006,精伊霍铁路,,霍尔果斯到精河
641,GT1,2009,2006,赤大白铁路,GT1，2024客运，才是both,白音华到巴林右旗
642,GT1,2009,2006,赤大白铁路,GT1，2024客运，才是both,巴林右旗
643,GT1,2009,2006,赤大白铁路,GT1，2024客运，才是both,巴林右旗到赤峰
644,DT1,2009,2017,郭白铁路,DT1,郭尔奔敖包站到苏尼特左旗境内的白音乌拉煤田芒来煤矿
645,DT1,2009,2017,隆黄铁路,隆泸，泸纳，纳叙三段,隆昌到叙永
646,GT2,2010,2006,临策铁路,天鹅湖到策克口岸段,赛汉陶来到国境
647,GT2,2010,2006,临策铁路,,赛汉陶来到巴彦淖尔
648,GT2,2010,2006,包满铁路,白巴段,巴音花到白云鄂博矿区
649,GT1,2010,2006,包西铁路,GT1,鄂尔多斯到新街
650,GT1,2010,2006,包西铁路,GT1,新街到大保当
651,GT1,2010,2006,太中银铁路,,绥德到柳林
652,GT1,2010,2006,太中银铁路,,绥德到中卫
653,GT1,2010,2006,太中银铁路,,太原到绥德
654,GT1,2010,2006,太中银铁路,定银联络线,银川到古窑子
655,GT1,2010,2006,太中银铁路,定银联络线,古窑子到定边
656,GT1,2010,2006,宜万铁路,,宜昌到万州
657,GT1,2010,2006,广珠铁路,,广州到江门
658,HSR,2010,,昌九城际铁路,,九江到南昌
659,HSR,2010,,杭甬客运专线,,杭州到宁波
660,HSR,2010,,沪昆客运专线,沪杭段,上海到杭州
661,HSR,2010,,海南东环,,海口到三亚
662,GT2,2010,2006,田靖铁路,田德铁路,田东到德保
663,HSR,2010,,盘营客运专线,,盘山到海城
664,GT1,2010,2006,福温铁路,,温州到福州
665,GT1,2010,2006,西金线,GT1,西小召到金泉
666,HSR,2010,,郑西客运专线,,郑州到西安
667,HSR,2011,,京沪客运专线,,北京
668,HSR,2011,,京沪客运专线,,北京到天津
669,HSR,2011,,京沪客运专线,,天津到济南
670,HSR,2011,,京沪客运专线,,济南到蚌埠
671,HSR,2011,,京沪客运专线,,蚌埠到南京
672,HSR,2011,,京沪客运专线,,南京到上海
673,GT2,2011,2006,前抚铁路,,前进到抚远
674,GT1,2011,2006,太中银铁路,GT1,灵武到定边
675,GT2,2011,2006,岫庄铁路,技术问题，未运营,庄河到岫岩
676,HSR,2011,,广深港高速铁路,,顺德到深圳
677,HSR,2011,,广深港高铁,,广州到深圳
678,HSR,2011,,广珠城际铁路,,广州到珠海
679,GT2G,2011,2017,库俄铁路,,库车到俄霍布拉克
680,GT1,2011,2006,张集铁路,,张家口到集宁
681,GT2,2011,2006,陶舒铁路,,榆树到舒兰
682,GT2,2011,2006,柴木铁路,,柴达尔到木里
683,HSR,2012,,京石客运专线,,北京到石家庄
684,HSR,2012,,京石客运专线,,北京
685,HSR,2012,,合蚌客运专线,,合肥到蚌埠
686,GT2G,2012,2017,哈罗铁路,,哈密到罗布泊
687,GT2,2012,2006,喀和铁路,,喀什到和田
688,HSR,2012,,宁杭客运专线,,南京到杭州
689,GT1,2006,2006,遂渝铁路,成遂渝铁路部分,遂宁到重庆
690,GT1,2012,2006,新恩陶铁路,GT1,乌审旗到新街
691,GT2,2012,2006,枣临铁路,,枣庄到临沂
692,HSR,2012,,汉宜铁路,,武汉到宜昌
693,GT1,2012,2006,甘泉铁路,GT1,甘其毛都站到金泉
694,GT1,2012,2006,甘泉铁路,GT1,金泉到万水泉南站
695,GT2,2012,2006,田靖铁路,德靖铁路,德保到靖西
696,HSR,2012,,石武客运专线,,郑州到武汉
697,HSR,2012,,石武客运专线,,石家庄到郑州
698,GT1,2012,2006,通灌铁路,,通化到宽甸
699,GT1,2012,2006,龙厦铁路,,龙岩到厦门
700,GT1,2012,2006,龙厦铁路,,厦门附近
701,GT2,2013,2006,丰沛铁路,GT2,沛县到首羡
702,HSR,2013,,南钦高速铁路,,南宁到钦州
703,HSR,2013,,厦深高铁,,深圳到厦门
704,GT1,2013,2006,吉衡铁路,,吉安到衡阳
705,GT1,2013,2006,向蒲铁路,,抚州到三明
706,GT1,2013,2006,向蒲铁路,,三明到莆田
707,GT1,2013,2006,宿淮铁路,,符离集到泗阳
708,GT1,2013,2006,宿淮铁路,,泗阳到淮安
709,HSR,2013,,柳南城际铁路,,黎塘到柳州
710,HSR,2013,,渝利铁路,沪汉蓉客运快速通道部分,重庆到利川
711,GT1,2013,2006,玉蒙铁路,,玉溪到建水
712,HSR,2013,,衡柳铁路,,桂林到柳州
713,HSR,2013,,衡柳铁路,,衡阳到桂林
714,GT1,2013,2006,西平铁路,GT1,平凉到彬县
715,GT1,2013,2006,西平铁路,GT1,彬县
716,GT1,2013,2006,邯黄铁路,GT1,邢台到衡水冀州区
717,GT1,2013,2006,邯黄铁路,GT1,衡水冀州区到沧州南皮
718,GT1,2013,2006,邯黄铁路,GT1,沧州南皮到沧州海兴
719,HSR,2013,,钦北高速,,钦州到北海
720,HSR,2013,,钦防铁路,又称防东高速铁路，在防城港分开，是两条铁路。但是地图精度不够，所以只在防城港分开。 防东铁路： 东兴到防城港：200 钦防铁路： 钦州－防城港北: 250 防城港北－防城港: 120,钦州到防城港
721,GT1,2013,2006,阜六铁路,GT1,阜阳到六安
722,HSR,2014,,兰新客运专线,又称兰新铁路第二线,兰州到乌鲁木齐
723,GT1,2014,2006,兰渝铁路,南高支线,南充到广安
724,HSR,2014,,南广铁路,,南宁到黎塘
725,HSR,2014,,南广铁路,,黎塘到肇庆
726,HSR,2014,,南广铁路,,肇庆到广州
727,HSR,2014,,大西客运专线客运段,太原至西安段,太原到华阴
728,GT1,2014,2006,太兴铁路,"GT1, 2018才开始客运, type才是both",白文到岚县
729,GT2,2014,2006,巴珠铁路,GT2,东乌珠穆沁旗站到中蒙国界
730,GT2,2014,2006,巴珠铁路,GT2,东乌珠穆沁旗站到巴彦乌拉站
731,HSR,2014,,成灌铁路,,都江堰到成都
732,HSR,2014,,成贵客运专线,成棉乐客运专线以及峨眉山支线,成都到峨眉山
733,HSR,2009,,遂成铁路,成遂渝铁路部分,成都到遂宁
734,GT1,2014,2006,拉日铁路,,拉萨到日喀则
735,HSR,2014,,沪昆客运专线,杭长段,杭州到上饶
736,HSR,2014,,沪昆客运专线,杭长段,杭州
737,GT2,2014,2006,珠珠铁路,GT2,乌珠穆沁站到珠斯花站
738,GT1G,2014,2017,瓦日铁路,,柳林到临汾
739,GT1G,2014,2017,瓦日铁路,,瓦塘到柳林
740,GT1G,2014,2017,瓦日铁路,,临汾到长治
741,GT1G,2014,2017,瓦日铁路,,长治到鹤壁
742,GT1G,2014,2017,瓦日铁路,,鹤壁到台前
743,GT1G,2014,2017,瓦日铁路,,台前到泰安
744,GT1G,2014,2017,瓦日铁路,,莱芜到沂南
745,GT1G,2014,2017,瓦日铁路,,沂南到日照
746,GT1G,2014,2017,瓦日铁路,,柳林
747,GT1,2014,2006,蒙河铁路,,蒙自到河口西线
748,HSR,2014,,贵广客运专线,,贵阳到广州
749,HSR,2014,,贵广客运专线,,贵阳
750,GT1,2014,2006,赣韶铁路,又称韶赣铁路,赣州到韶关
751,GT1,2014,2006,韩原铁路,,原平到韩家岭
752,GT1,2015,2006,中川铁路,GT1,兰州福利区至中川机场
753,GT1,2015,2006,中川铁路,GT1,中川机场
754,GT1,2015,2006,丹大城际铁路,,丹东到大连
755,GT1,2015,2006,兰渝铁路,,广元至南充
756,GT1,2015,2006,兰渝铁路,,南充至重庆
757,HSR,2015,,南昆客运专线,,南宁到百色
758,GT1,2015,2006,南疆铁路二线,吐鲁番—库尔勒第二双线,阿拉沟到库尔勒
759,HSR,2015,,合福客运专线,,合肥到铜陵
760,HSR,2015,,合福客运专线,,铜陵到上饶
761,HSR,2015,,合福客运专线,,上饶到福州
762,HSR,2015,,吉珲客运专线,与长吉城际铁路合并，又名长珲城际铁路,吉林到珲春
763,HSR,2015,,哈大客运专线,,沈阳到大连
764,HSR,2015,,哈大客运专线,,长春到沈阳
765,HSR,2015,,哈大客运专线,,哈尔滨到长春
766,GT1,2015,2006,哈额铁路,,哈密到额济纳旗
767,GT1,2015,2006,哈额铁路,,额济纳旗
768,HSR,2015,,哈齐客运专线,,哈尔滨到齐齐哈尔
769,GT1,2015,2006,天平铁路,GT1,天水到平凉
770,HSR,2015,,宁安客运专线,,铜陵到安庆
771,HSR,2015,,宁安客运专线,,南京到铜陵
772,HSR,2015,,宁安客运专线,,安庆到池州
773,DT1,2015,2017,巴新铁路,DT1,巴彦乌拉站到大板北站
774,DT1,2015,2017,巴新铁路,DT1,大板北站
775,DT1,2015,2017,巴新铁路,DT1,大板北站到扣河子
776,DT1,2015,2017,巴新铁路,DT1,扣河子到阜新
777,GT1,2015,2006,巴达铁路,,巴中到达州
778,GT1,2015,2006,张唐铁路,,张家口到滦平
779,GT1,2015,2006,张唐铁路,,滦平东南
780,GT1,2015,2006,张唐铁路,,滦平东南到遵化
781,GT1,2015,2006,张唐铁路,,遵化到丰润
782,GT1,2015,2006,张唐铁路,,丰润南
783,GT1,2015,2006,张唐铁路,,丰润南到曹妃甸
784,GT1,2015,2006,德大铁路,,德州到东营
785,GT1,2015,2006,德大铁路,,东营到大家洼
786,HSR,2015,,成渝客运专线,,成都到重庆
787,HSR,2015,,成渝客运专线,,重庆
788,GT1,2015,2006,敦格铁路,敦煌到肃北段,敦煌到肃北
789,HSR,2015,,沈丹客运专线,,沈阳到丹东
790,GT1,2015,2006,津保铁路,GT1,廊坊霸州到保定徐水区
791,HSR,2015,,海南环岛高速铁路,海南西环高速铁路,海口到三亚
792,GT1,2015,2006,玉铁铁路,,玉林到铁山港区
793,GT1,2015,2006,锡乌铁路,GT1,锡林浩特站到扎布其尔站
794,GT1,2015,2006,锡乌铁路,GT1,西乌旗站到白音华南站
795,GT1,2015,2006,锡乌铁路,GT1,珠斯花站到白音华南站
796,GT1,2015,2006,锡二铁路,GT1,准查干敖包站到西里站
797,GT1,2015,2006,锡二铁路,GT1,锡林郭勒盟到准查干敖包站
798,GT1,2015,2006,锡二铁路,GT1,锡林郭勒盟
799,GT1,2015,2006,集包铁路第二线,,包头到乌兰察布
800,HSR,2016,,南昆客运专线,,百色到昆明
801,HSR,2016,,广肇城际铁路,,佛山到肇庆
802,HSR,2016,,广肇城际铁路,,佛山
803,HSR,2016,,汉十高速铁路,,汉口到孝感
804,HSR,2016,,沪昆客运专线,,长沙-贵阳-昆明
805,HSR,2016,,沪昆客运专线,,上饶到长沙
806,HSR,2016,,渝万城际铁路,,重庆北至梁平
807,HSR,2016,,渝万城际铁路,,梁平至万州北
808,GT2,2016,2006,湖雍铁路,GT2,湖潮到纳雍西
809,GT1,2016,2006,虎蓝铁路,多丰铁路,多伦县到丰宁
810,GT1,2016,2006,虎蓝铁路,多丰铁路,丰宁
811,HSR,2016,,郑徐客运专线,,郑州到徐州
812,HSR,2016,,青荣城际铁路,,青岛到荣成
813,GT1,2017,2006,兰渝铁路,定西附近,兰州
814,GT1,2017,2006,兰渝铁路,,兰州到广元
815,HSR,2017,,宝兰客运专线,西宝客运专线延长,西安到兰州
816,HSR,2017,,武九客运专线,,武汉到九江
817,HSR,2017,,石济客运专线,,石家庄到济南
818,GT1,2017,2006,衢九铁路,GT1,衢州到婺源
819,HSR,2017,,西成客运专线,,西安到成都
820,GT1,2017,2006,龙烟铁路,GT1,龙口到烟台
821,HSR,2018,,京沈客运专线,,沈阳到承德
822,HSR,2018,,南龙铁路,南三龙铁路,延平到龙岩
823,HSR,2018,,吉玉铁路,铜玉段,铜仁市市区到铜仁市玉屏侗族自治县
824,HSR,2018,,吉玉铁路,铜玉段,铜仁
825,HSR,2018,,哈佳铁路,,哈尔滨到佳木斯
826,HSR,2018,,哈佳铁路,GT1,哈尔滨到佳木斯
827,HSR,2018,,哈牡客运专线,,哈尔滨到牡丹江
828,GT1,2018,2006,唐曹铁路,,曹妃甸到柏各庄
829,HSR,2018,,大西客运专线,,太原到原平
830,HSR,2018,,广深港高铁,,深圳到香港
831,GT1,2018,2006,庐铜铁路,GT1,柯坦到钟鸣所
832,HSR,2018,,怀衡铁路,,怀化到衡阳
833,HSR,2018,,怀衡铁路,GT1,怀化到邵东
834,HSR,2018,,怀衡铁路,GT1,邵东到衡阳
835,HSR,2018,,成蒲铁路,,成都到朝阳湖
836,HSR,2018,,成雅铁路朝雅段,,朝阳湖到雅安
837,HSR,2018,,新通客运专线,,新民到通辽
838,HSR,2018,,新通客运专线,,新民
839,HSR,2018,,昆楚大铁路,曾被短暂地称为昆广大铁路,昆明到大理
840,HSR,2018,,杭昌高速铁路,,杭州到黄山
841,HSR,2018,,济青高铁,,济南到青岛
842,HSR,2018,,深湛铁路,,江门到湛江
843,GT1,2018,2006,渝贵铁路,曾称为渝黔铁路,重庆市到贵阳
844,GT2,2018,2006,田桓铁路,GT2,铁刹山站到花博山站
845,HSR,2018,,青盐铁路,,青岛到盐城
846,HSR,2019,,京张城际铁路,崇礼支线（花园北站至太子城站段）,下花园北至张家口
847,HSR,2019,,京张城际铁路,崇礼支线（花园北站至太子城站段）,下花园北到崇礼
848,HSR,2019,,京张城际铁路,主线，按速度分开 北京北至清河段: 120 清河至昌平段: 200 昌平至下花园北段: 350 清河距离太近，不分割，只在昌平处分割。,昌平到张家口
849,HSR,2019,,京张城际铁路,主线，按速度分开 北京北至清河段: 120 清河至昌平段: 200 昌平至下花园北段: 350 清河距离太近，不分割，只在昌平处分割。,北京到昌平
850,HSR,2019,,京港高速,商杭客运专线,商丘到阜阳
851,HSR,2019,,京港高速,商杭客运专线,阜阳到合肥
852,HSR,2019,,京港高速,商杭客运专线,合肥
853,HSR,2019,,京港高铁,昌赣客运专线,南昌到赣州
854,HSR,2019,,京港高铁,昌赣客运专线,南昌
855,HSR,2019,,京雄城际铁路,,北京西到大兴机场
856,GT2,2019,2006,克塔铁路,GT2,塔城到百口泉
857,GT1,2019,2006,准朔铁路,GT1,鄂尔多斯到朔州
858,HSR,2019,,呼张客运专线,,张家口到乌兰察布
859,GT1,2019,2006,宁启铁路,二期工程,南通到启东
860,HSR,2019,,张大客运专线,,大同
861,HSR,2019,,张大客运专线,,张家口到大同
862,HSR,2019,,徐盐客运专线,,徐州到淮安
863,HSR,2019,,徐盐客运专线,,淮安到盐城
864,HSR,2019,,成贵客运专线,,乐山到贵阳
865,HSR,2019,,成贵客运专线,,乐山到宜宾
866,GT1,2019,2006,敦格铁路,GT1,肃北到饮马峡北站
867,HSR,2019,,日兰高速铁路,别称鲁南高速铁路,日照到曲阜
868,HSR,2019,,梅汕客运专线,简称梅汕铁路，又称梅汕客运专线,梅州西到潮汕
869,HSR,2019,,汉十高速铁路,,十堰到襄阳
870,HSR,2019,,汉十高速铁路,在云梦处分开，不同速度 孝感东至云梦东: 250 云梦东至襄阳: 350,襄阳到云梦
871,HSR,2019,,汉十高速铁路,在云梦处分开，不同速度 孝感东至云梦东: 250 云梦东至襄阳: 350,云梦到孝感
872,GT1,2019,2006,浩吉铁路,GT1,浩勒报吉南站到乌审旗南站
873,GT1,2019,2006,浩吉铁路,GT1,乌审旗到靖边
874,GT1,2019,2006,浩吉铁路,GT1,靖边到延安
875,GT1,2019,2006,浩吉铁路,GT1,延安到河津
876,GT1,2019,2006,浩吉铁路,GT1,河津到运城
877,GT1,2019,2006,浩吉铁路,GT1,运城到三门峡
878,GT1,2019,2006,浩吉铁路,GT1,三门峡到内乡
879,GT1,2019,2006,浩吉铁路,GT1,内乡到邓州
880,GT1,2019,2006,浩吉铁路,GT1,邓州到荆门
881,GT1,2019,2006,浩吉铁路,GT1,荆州到岳阳
882,GT1,2019,2006,浩吉铁路,GT1,岳阳到新余
883,GT1,2019,2006,浩吉铁路,GT1,新余到安吉
884,GT1,2019,2006,浩吉铁路,GT1,荆门
885,GT1,2019,2006,浩吉铁路,GT1,荆门到荆州
886,HSR,2019,,穗深城际铁路,工程名“穗莞深城际轨道交通”,新塘到深圳机场
887,GT1,2019,2006,红淖三铁路,"GT1, 加上761的一段",红柳河到淖毛湖
888,GT1,2019,2006,红淖三铁路,GT1,淖毛湖
889,HSR,2019,,连镇客运专线,,连云港到淮安
890,HSR,2019,,郑渝高速铁路,郑州东站至郑州航空港站时速是250，但是距离太近，无法分割，所以都按350算,郑州到襄阳
891,HSR,2019,,郑阜高速铁路,郑州站至郑州南站: 160 郑州南站至郑州航空港站: 250 郑州航空港站至阜阳西站: 350 但是距离太近，无法分割，所以都用时速350,郑州到阜阳
892,HSR,2019,,银兰高速铁路,在吴忠处分开，不同高铁路线,吴忠到中卫
893,HSR,2019,,银西高速铁路,在吴忠处分开，不同高铁路线,银川到吴忠
894,HSR,2019,,黔常铁路,渝厦高速铁路黔常段， 又名黔张常铁路,重庆市黔江区到常德
895,GT2,2020,2006,东营港疏港铁路,GT2,利津到东营港
896,HSR,2020,,京雄城际铁路,,大兴机场到雄安
897,HSR,2020,,京雄城际铁路,,大兴机场
898,HSR,2020,,合安九客运专线,,合肥到安庆
899,HSR,2020,,合杭高速,"商杭客运专线, 湖杭铁路",合肥到芜湖
900,HSR,2020,,合杭高速,"商杭客运专线, 湖杭铁路 芜湖至宣城段250, 其余350",芜湖到宣城
901,HSR,2020,,合杭高速,"商杭客运专线, 湖杭铁路 芜湖至宣城段250, 其余350",宣城到湖州
902,HSR,2020,,喀赤高速铁路,,赤峰到喀左
903,GT1,2020,2006,大临铁路,GT1,大理到临沧
904,HSR,2020,,太焦高速铁路,,太原到焦作
905,HSR,2020,,安六高速铁路,,安顺到六盘水
906,HSR,2020,,广清城际铁路,,广州到清远
907,HSR,2020,,广珠城际铁路,广珠城际的主线+江门支线,顺德到江门
908,HSR,2020,,广珠城际铁路,广珠城际的主线+江门支线,佛山到顺德
909,GT1,2020,2006,格库铁路,GT1,库尔勒到格尔木
910,HSR,2020,,武仙城际铁路,,汉口到仙桃
911,GT1,2020,2006,沪苏通铁路,GT1,赵甸到张家港北
912,GT1,2020,2006,沪苏通铁路,GT1,常熟到四团
913,GT1,2020,2006,沪苏通铁路,GT1,张家港北到常熟
914,HSR,2020,,沪苏通高速铁路,"在南通分开，是不同的路线 国道村至张家港北250km/h,南通到上海200km/h",南通到上海
915,HSR,2020,,潍莱高速铁路,,潍坊到莱西
916,HSR,2020,,盐通高速铁路,"在南通分开，是不同的路线 国道村至张家港北250km/h,南通到上海200km/h",盐城到南通
917,HSR,2020,,福平铁路,应该分不同线路不同速度，但是因为福州距离太近，无法区分 福州南至平潭: 200 福州至福州南: 160,福州市晋安区到福州市平潭县
918,GT1,2020,2006,福平铁路,GT1,福州到平潭
919,GT1,2020,2006,衢宁铁路,GT1,衢州到宁德
920,HSR,2020,,连镇客运专线,横山至丹徒、镇江160 距离太近无法分割,淮安到镇江
921,DT1,2020,2017,遵小铁路,,小寺沟到遵化
922,HSR,2020,,银西高速铁路,,吴忠到西安
923,GT3,2020,2012,阿富准铁路,GT3,阿勒泰到准东
924,GT1,2020,2006,黄大铁路,GT1,黄骅到海兴
925,GT1,2020,2006,黄大铁路,GT1，朔黄铁路的补充延长线,海兴到利津
926,HSR,2021,,京沈客运专线,,北京到承德
927,GT1,2021,2006,兴泉铁路,GT1,赣州市兴国县到三明市宁化县
928,GT1,2021,2006,兴泉铁路,GT1,三明市宁化县到三明市永安
929,HSR,2021,,合安九客运专线,,安庆到九江
930,HSR,2021,,张吉怀高速铁路,,吉首到怀化
931,GT1,2021,2006,拉林铁路,GT1,拉萨到林芝
932,HSR,2021,,敦白客运专线,正式名称为沈佳高铁白敦段,敦化到长白山
933,HSR,2021,,日兰高速铁路,别称鲁南高速铁路,曲阜到庄寨
934,HSR,2021,,朝凌高速铁路,,朝阳到凌海
935,GT1,2021,2006,浦梅铁路,GT1,宁化到连城
936,GT1,2021,2006,浦梅铁路,GT1,建宁到宁化
937,HSR,2021,,牡佳客运专线,,牡丹江到佳木斯
938,GT1,2021,2006,玉磨铁路,GT1,元江到勐腊
939,GT1,2021,2006,玉磨铁路,GT1,玉溪到元江
940,HSR,2021,,绵泸高速铁路,,内江到泸州
941,HSR,2021,,赣深客运专线,,赣州到深圳
942,HSR,2021,,连徐客运专线,,连云港到徐州
943,DT,2021,2017,金台铁路,DT,永康到台州
944,DT,2021,2017,金台铁路,DT,台州
945,HSR,2022,,京唐城际铁路,距离太近，地图精度不足以区分 北京到燕郊：200 燕郊到大厂：250 大厂到香河：300,北京到香河
946,HSR,2022,,京唐城际铁路,在宝坻区分开 京滨：250 宝坻区到唐山：350,天津到唐山
947,HSR,2022,,京滨城际铁路,在宝坻区分开 京滨：250 宝坻区到唐山：350,天津
948,HSR,2022,,南凭高速铁路,,南宁到崇左
949,HSR,2022,,南凭高速铁路,,南宁
950,HSR,2022,,合杭高速,"商杭客运专线， 正式名称为合杭高速铁路湖杭段, 又名湖州至杭州西至杭黄连接线",湖州到桐庐
951,NA,2022,2017,同江铁路大桥,在同江处分开，不同的路线,同江到下列宁斯科耶
952,GT1,2022,2006,和若铁路,GT1,和田到若羌
953,GT1,2022,2006,大瑞铁路,GT1,大理到永平
954,HSR,2022,,常益长高速铁路,,长沙到常德
955,HSR,2022,,常益长高速铁路,,长沙
956,HSR,2022,,弥蒙高速铁路,,弥勒到蒙自
957,HSR,2022,,杭台高速铁路,中国大陆历史上的第二条民营铁路，亦是中国大陆首条民营资本控股的高速铁路,杭州
958,HSR,2022,,杭台高速铁路,中国大陆历史上的第二条民营铁路，亦是中国大陆首条民营资本控股的高速铁路,杭州
959,HSR,2022,,杭台高速铁路,中国大陆历史上的第二条民营铁路，亦是中国大陆首条民营资本控股的高速铁路,杭州到温岭
960,HSR,2022,,济莱高速铁路,,济南，济南东到钢城区
961,HSR,2022,,济郑高速铁路,,郑州到濮阳
962,HSR,2022,,郑渝高速铁路,,襄阳到万州
963,HSR,2022,,银兰高速铁路,,中卫到兰州
964,HSR,2022,,黄黄高速铁路,,黄冈到黄梅
965,GT1,2023,2006,丽香铁路,GT1,丽江到香格里拉
966,GT1,2023,2006,和邢铁路,GT1,和顺到邢台
967,HSR,2023,,川青铁路,工程名成兰铁路成都至黄胜关段、西宁至成都（高速）铁路海东西至黄胜关段,成都到镇江关
968,HSR,2023,,广汕铁路,广汕铁路，与汕汕铁路合并简称甬广高速铁路汕广段，又名广汕客运专线、广汕高速铁路。 地图精度不够，只在增城处分开。 广州东-广州新塘: 200  广州新塘-增城: 250,广州
969,HSR,2023,,广汕铁路,广汕铁路，与汕汕铁路合并简称甬广高速铁路汕广段，又名广汕客运专线、广汕高速铁路 地图精度不够，只在增城处分开。 广州新塘-增城: 250 增城-汕尾: 350,广州新塘到广州增城
970,HSR,2023,,广汕铁路,广汕铁路，与汕汕铁路合并简称甬广高速铁路汕广段，又名广汕客运专线、广汕高速铁路 在汕尾处分开，是两条铁路,惠州到汕尾
971,HSR,2023,,广汕铁路,广汕铁路，与汕汕铁路合并简称甬广高速铁路汕广段，又名广汕客运专线、广汕高速铁路 地图精度不够，只在增城处分开。 广州新塘-增城: 250 增城-汕尾: 350,广州增城到惠州
972,HSR,2023,,成宜高速铁路,简称成宜高铁，又称成自宜高速铁路，成自宜高铁。蓉昆高铁的北段（成都至宜宾段） 地图精度不够，无法在天府分开 成都东-天府: 250 天府-宜宾: 350,成都到自贡
973,HSR,2023,,成宜高速铁路,简称成宜高铁，又称成自宜高速铁路，成自宜高铁。蓉昆高铁的北段（成都至宜宾段）,自贡到宜宾
974,HSR,2023,,杭昌高速铁路,又称杭昌客运专线，可分为杭黄段（杭黄客运专线）和黄昌段（昌景黄铁路）,南昌到黄山
975,HSR,2023,,汕汕铁路,广汕铁路，与汕汕铁路合并简称甬广高速铁路汕广段，又名广汕客运专线、广汕高速铁路 在汕尾处分开，是两条铁路,汕尾到汕头
976,HSR,2023,,沪宁沿江高速铁路,又称苏南沿江铁路、南沿江城际铁路、南沿江高铁,南京到常州
977,HSR,2023,,沪宁沿江高速铁路,又称苏南沿江铁路、南沿江城际铁路、南沿江高铁,常州到太仓
978,HSR,2023,,津兴城际铁路,又名天津至北京大兴国际机场铁路、天津至北京大兴国际机场联络线 地图精度不够，暂时不分段 正线：250 固安东-大兴机场：200 固安南联络线：160,北京大兴国际机场到天津市
979,HSR,2023,,济郑高速铁路,,济南到濮阳
980,HSR,2023,,济郑高速铁路,,济南
981,HSR,2023,,福厦客运专线,简称福厦客运专线、福厦高铁，又称福州至厦门至漳州高铁、甬广高速铁路福漳段,福州到漳州
982,HSR,2023,,莱荣高速铁路,即潍荣高速铁路莱荣段,青岛市莱西站到威海市荣成站
983,HSR,2023,,贵南高速铁路,又称贵南客运专线,贵阳到南宁
984,HSR,2023,,重庆东环铁路,,重庆珞璜南站到重庆磨心坡站北场
985,HSR,2023,,重庆东环铁路,,重庆珞璜南站到重庆磨心坡站北场
986,HSR,2023,,防东铁路,又称防东高速铁路，在防城港分开，是两条铁路。但是地图精度不够，所以只在防城港分开。 防东铁路： 东兴到防城港：200 钦防铁路： 钦州－防城港北: 250 防城港北－防城港: 120,防城港到东兴
987,DT1,2023,2017,隆黄铁路,GT1,叙永到威信
988,HSR,2023,,龙龙铁路,古田会址至梅州西：250 梅州西至龙川西：350,龙岩市上杭县的古田镇的古田会址站到武平
989,HSR,2024,,乌大高速铁路,前称集大原高速铁路集宁至大同段,乌兰察布到大同
990,HSR,2024,,兰张三四线铁路,,中川机场到武威
991,HSR,2024,,包银高速铁路,,银川到石嘴山市惠农区
992,HSR,2024,,南深高速铁路,,南宁到玉林
993,HSR,2024,,宣绩高速铁路,即新建皖赣铁路宣城至绩溪段,宣城到绩溪
994,GT1,2024,2006,将淖铁路,GT1， 在淖毛湖出分开,将军庙到淖毛湖
995,HSR,2024,,川青铁路,,镇江关到黄胜关
996,HSR,2024,,巴南高速铁路,又名汉巴南铁路,南充到巴中
997,HSR,2024,,广惠城际铁路,,东莞到广州番禺
998,HSR,2024,,广清城际铁路,,清远（清城站）
999,HSR,2024,,广清城际铁路,,广州（省职教站）
1000,HSR,2024,,广肇城际铁路,,广州番禺到佛山
1001,HSR,2024,,怀兴城际铁路,前称首都机场至北京新机场城际铁路联络线,大兴机场站到廊坊
1002,HSR,2024,,日兰高速铁路,别称鲁南高速铁路,庄寨到兰考
1003,HSR,2024,,杭温高速铁路,简称杭温高铁,桐庐到义乌
1004,HSR,2024,,杭温高速铁路,简称杭温高铁,义乌到温州
1005,HSR,2024,,池黄高速铁路,,池州到黄山
1006,HSR,2024,,沪苏湖高速铁路,,上海到湖州
1007,HSR,2024,,渝昆高速铁路,京昆高速铁路通道的组成部分,泸州到宜宾
1008,HSR,2024,,渝昆高速铁路,京昆高速铁路通道的组成部分,重庆到泸州
1009,HSR,2024,,潍烟高速铁路,,潍坊昌邑到烟台芝罘
1010,HSR,2024,,荆荆铁路,,荆门到荆州
1011,HSR,2024,,荆荆铁路,,荆州
1012,HSR,2024,,龙龙铁路,,梅州到龙川
